Parameter,Value
MSE,3.1426163332298276
MAE,1.0530985228230494
R-SQUARED,-0.022580772427949647
RMSE,1.7727426020801293
ACCURACY,0.5758328527702613
