Parameter,Value
MSE,1.731668367120614
MAE,0.5958834227919975
R-SQUARED,0.4365297609780663
RMSE,1.3159287089810807
ACCURACY,75.64654216386461
