Parameter,Value
MSE,2.028301468305017
MAE,0.6834937674666194
R-SQUARED,0.3400078589789457
RMSE,1.4241844923692355
ACCURACY,73.22006831388902
