Parameter,Value
MSE,2.8071685223794525
MAE,0.9380295435390144
R-SQUARED,0.08657110777503374
RMSE,1.6754606895953879
ACCURACY,62.78667435567582
