Parameter,Value
MSE,1.6810983453843766
MAE,0.5794703455618152
R-SQUARED,0.45298481829509896
RMSE,1.2965717663840968
ACCURACY,76.50711972674445
