Parameter,Value
MSE,2.0275917136139823
MAE,0.6833163287938606
R-SQUARED,0.3402388071518163
RMSE,1.4239352912313052
ACCURACY,0.7322450428070798
